id,surface,context_state,source_file,current_text,dynamic,risk_level,notes
STR-001,World / Station map,static title,design/opendesign-exploration/station/index.html:13,The Observation Deck — Personal Worlds,no,P1,"High-trust inconsistency, prototype leakage, or destructive-scope ambiguity."
STR-002,World / Station map,static a,design/opendesign-exploration/station/index.html:39,Skip to main content,no,P3,No urgent problem found; retain or polish during the normal content pass.
STR-003,World / Station map,static a,design/opendesign-exploration/station/index.html:49,Personal Worlds,no,P1,"High-trust inconsistency, prototype leakage, or destructive-scope ambiguity."
STR-004,World / Station map,nav aria-label,design/opendesign-exploration/station/index.html:50,Primary,no,P3,No urgent problem found; retain or polish during the normal content pass.
STR-005,World / Station map,static a,design/opendesign-exploration/station/index.html:51,World,no,P3,No urgent problem found; retain or polish during the normal content pass.
STR-006,World / Station map,static a,design/opendesign-exploration/station/index.html:52,Interests,no,P3,No urgent problem found; retain or polish during the normal content pass.
STR-007,World / Station map,static a,design/opendesign-exploration/station/index.html:53,Journal,no,P3,No urgent problem found; retain or polish during the normal content pass.
STR-008,World / Station map,static a,design/opendesign-exploration/station/index.html:54,Projects,no,P3,No urgent problem found; retain or polish during the normal content pass.
STR-009,World / Station map,static a,design/opendesign-exploration/station/index.html:55,Chat,no,P3,No urgent problem found; retain or polish during the normal content pass.
STR-010,World / Station map,static a,design/opendesign-exploration/station/index.html:56,Settings,no,P3,No urgent problem found; retain or polish during the normal content pass.
STR-011,World / Station map,static span,design/opendesign-exploration/station/index.html:65,Observation Deck,no,P3,No urgent problem found; retain or polish during the normal content pass.
STR-012,World / Station map,static h1,design/opendesign-exploration/station/index.html:66,The systems map,no,P3,No urgent problem found; retain or polish during the normal content pass.
STR-013,World / Station map,static p,design/opendesign-exploration/station/index.html:68,"Seven little worlds, quietly orbiting. Drift toward anything and it opens up for you. ✦",no,P3,No urgent problem found; retain or polish during the normal content pass.
STR-014,World / Station map,section aria-label,design/opendesign-exploration/station/index.html:74,Only what needs you,no,P3,No urgent problem found; retain or polish during the normal content pass.
STR-015,World / Station map,static p,design/opendesign-exploration/station/index.html:80,"Your world is all still here, exactly where you left it. Whenever you are ready, the map is waiting.",no,P3,No urgent problem found; retain or polish during the normal content pass.
STR-016,World / Station map,static button,design/opendesign-exploration/station/index.html:84,Show me my world ✦,no,P3,No urgent problem found; retain or polish during the normal content pass.
STR-017,World / Station map,static h2,design/opendesign-exploration/station/index.html:91,Needs you,no,P3,No urgent problem found; retain or polish during the normal content pass.
STR-018,World / Station map,section aria-label,design/opendesign-exploration/station/index.html:100,Map of your world,no,P3,No urgent problem found; retain or polish during the normal content pass.
STR-019,World / Station map,div aria-label,design/opendesign-exploration/station/index.html:101,Where you are in the map,no,P3,No urgent problem found; retain or polish during the normal content pass.
STR-020,World / Station map,div aria-label,design/opendesign-exploration/station/index.html:102,Systems map. Use the buttons to move toward a region.,no,P3,No urgent problem found; retain or polish during the normal content pass.
STR-021,World / Station map,static p,design/opendesign-exploration/station/index.html:106,"A world that has grown a little and wears a soft ring has things inside asking for you — the same number is always written in words, so nothing relies on size or colour alone. Hover or focus a world and a little companion might peek out. That is just for fun. ✦",no,P3,No urgent problem found; retain or polish during the normal content pass.
STR-022,World / Station map,static summary,design/opendesign-exploration/station/index.html:115,Shape this map,no,P3,No urgent problem found; retain or polish during the normal content pass.
STR-023,World / Station map,static summary,design/opendesign-exploration/station/index.html:126,technical · status vocabulary & sources,no,P3,No urgent problem found; retain or polish during the normal content pass.
STR-024,Chat,static title,design/opendesign-exploration/station/chat.html:12,Talk — Personal Worlds,no,P1,"High-trust inconsistency, prototype leakage, or destructive-scope ambiguity."
STR-025,Chat,static a,design/opendesign-exploration/station/chat.html:20,Skip to main content,no,P3,No urgent problem found; retain or polish during the normal content pass.
STR-026,Chat,static a,design/opendesign-exploration/station/chat.html:27,Personal Worlds,no,P1,"High-trust inconsistency, prototype leakage, or destructive-scope ambiguity."
STR-027,Chat,nav aria-label,design/opendesign-exploration/station/chat.html:28,Primary,no,P3,No urgent problem found; retain or polish during the normal content pass.
STR-028,Chat,static a,design/opendesign-exploration/station/chat.html:29,World,no,P3,No urgent problem found; retain or polish during the normal content pass.
STR-029,Chat,static a,design/opendesign-exploration/station/chat.html:30,Interests,no,P3,No urgent problem found; retain or polish during the normal content pass.
STR-030,Chat,static a,design/opendesign-exploration/station/chat.html:31,Journal,no,P3,No urgent problem found; retain or polish during the normal content pass.
STR-031,Chat,static a,design/opendesign-exploration/station/chat.html:32,Projects,no,P3,No urgent problem found; retain or polish during the normal content pass.
STR-032,Chat,static a,design/opendesign-exploration/station/chat.html:33,Chat,no,P3,No urgent problem found; retain or polish during the normal content pass.
STR-033,Chat,static a,design/opendesign-exploration/station/chat.html:34,Settings,no,P3,No urgent problem found; retain or polish during the normal content pass.
STR-034,Chat,static span,design/opendesign-exploration/station/chat.html:41,Companions,no,P3,No urgent problem found; retain or polish during the normal content pass.
STR-035,Chat,static h1,design/opendesign-exploration/station/chat.html:42,Talk,no,P3,No urgent problem found; retain or polish during the normal content pass.
STR-036,Chat,static p,design/opendesign-exploration/station/chat.html:44,"A companion travels with you on every page — the glowing orb in the corner is this same door. Pick a mood to set the tone, or just talk. ✦",no,P3,No urgent problem found; retain or polish during the normal content pass.
STR-037,Chat,nav aria-label,design/opendesign-exploration/station/chat.html:51,Leave talk,no,P3,No urgent problem found; retain or polish during the normal content pass.
STR-038,Chat,static a,design/opendesign-exploration/station/chat.html:52,← Back to your map,no,P3,No urgent problem found; retain or polish during the normal content pass.
STR-039,Chat,static p,design/opendesign-exploration/station/chat.html:53,"Companions are presentation, never a dependency: everything here works with them off.",no,P3,No urgent problem found; retain or polish during the normal content pass.
STR-040,Journal,static title,design/opendesign-exploration/station/journal.html:12,Journal — Personal Worlds,no,P1,"High-trust inconsistency, prototype leakage, or destructive-scope ambiguity."
STR-041,Journal,static a,design/opendesign-exploration/station/journal.html:199,Skip to main content,no,P3,No urgent problem found; retain or polish during the normal content pass.
STR-042,Journal,static a,design/opendesign-exploration/station/journal.html:206,Personal Worlds,no,P1,"High-trust inconsistency, prototype leakage, or destructive-scope ambiguity."
STR-043,Journal,nav aria-label,design/opendesign-exploration/station/journal.html:207,Primary,no,P3,No urgent problem found; retain or polish during the normal content pass.
STR-044,Journal,static a,design/opendesign-exploration/station/journal.html:208,World,no,P3,No urgent problem found; retain or polish during the normal content pass.
STR-045,Journal,static a,design/opendesign-exploration/station/journal.html:209,Interests,no,P3,No urgent problem found; retain or polish during the normal content pass.
STR-046,Journal,static a,design/opendesign-exploration/station/journal.html:210,Journal,no,P3,No urgent problem found; retain or polish during the normal content pass.
STR-047,Journal,static a,design/opendesign-exploration/station/journal.html:211,Projects,no,P3,No urgent problem found; retain or polish during the normal content pass.
STR-048,Journal,static a,design/opendesign-exploration/station/journal.html:212,Chat,no,P3,No urgent problem found; retain or polish during the normal content pass.
STR-049,Journal,static a,design/opendesign-exploration/station/journal.html:213,Settings,no,P3,No urgent problem found; retain or polish during the normal content pass.
STR-050,Journal,static span,design/opendesign-exploration/station/journal.html:221,Constellation · what you wrote,no,P3,No urgent problem found; retain or polish during the normal content pass.
STR-051,Journal,static h1,design/opendesign-exploration/station/journal.html:222,Journal,no,P3,No urgent problem found; retain or polish during the normal content pass.
STR-052,Journal,static p,design/opendesign-exploration/station/journal.html:224,"Your words as you wrote them, and exactly where you left off. Nothing rewritten, nothing tidied. ✦",no,P3,No urgent problem found; retain or polish during the normal content pass.
STR-053,Journal,div aria-label,design/opendesign-exploration/station/journal.html:229,Where you are in the map,no,P3,No urgent problem found; retain or polish during the normal content pass.
STR-054,Journal,div aria-label,design/opendesign-exploration/station/journal.html:230,Map of Journal. Use the buttons to move toward a cluster.,no,P3,No urgent problem found; retain or polish during the normal content pass.
STR-055,Journal,static h2,design/opendesign-exploration/station/journal.html:240,Your journal,no,P3,No urgent problem found; retain or polish during the normal content pass.
STR-056,Journal,div aria-label,design/opendesign-exploration/station/journal.html:256,Journal views,no,P3,No urgent problem found; retain or polish during the normal content pass.
STR-057,Journal,static button,design/opendesign-exploration/station/journal.html:257,Entries,no,P3,No urgent problem found; retain or polish during the normal content pass.
STR-058,Journal,static button,design/opendesign-exploration/station/journal.html:260,Vault ✦,no,P3,No urgent problem found; retain or polish during the normal content pass.
STR-059,Journal,static button,design/opendesign-exploration/station/journal.html:263,Write,no,P3,No urgent problem found; retain or polish during the normal content pass.
STR-060,Journal,static h3,design/opendesign-exploration/station/journal.html:271,Write something ✦,no,P3,No urgent problem found; retain or polish during the normal content pass.
STR-061,Journal,static label,design/opendesign-exploration/station/journal.html:272,Title (optional),no,P3,No urgent problem found; retain or polish during the normal content pass.
STR-062,Journal,input placeholder,design/opendesign-exploration/station/journal.html:273,A name for this thought…,no,P3,No urgent problem found; retain or polish during the normal content pass.
STR-063,Journal,static label,design/opendesign-exploration/station/journal.html:274,What's on your mind?,no,P3,No urgent problem found; retain or polish during the normal content pass.
STR-064,Journal,textarea placeholder,design/opendesign-exploration/station/journal.html:275,Start anywhere. Nothing is too small or too unfinished.,no,P3,No urgent problem found; retain or polish during the normal content pass.
STR-065,Journal,static label,design/opendesign-exploration/station/journal.html:278,"Keep this in the vault (private, not surfaced by the map)",no,P0,Privacy/security certainty exceeds the implemented browser-local storage boundary.
STR-066,Journal,static button,design/opendesign-exploration/station/journal.html:281,Save entry ✦,no,P3,No urgent problem found; retain or polish during the normal content pass.
STR-067,Journal,static button,design/opendesign-exploration/station/journal.html:282,Clear,no,P3,No urgent problem found; retain or polish during the normal content pass.
STR-068,Journal,static span,design/opendesign-exploration/station/journal.html:283,Saved on this device. Nothing leaves unless you say so.,no,P0,Privacy/security certainty exceeds the implemented browser-local storage boundary.
STR-069,Journal,static p,design/opendesign-exploration/station/journal.html:303,You opened inside this region. Zoom out any time to see the whole sky. ✦,no,P3,No urgent problem found; retain or polish during the normal content pass.
STR-070,Journal,static summary,design/opendesign-exploration/station/journal.html:308,Shape this map,no,P3,No urgent problem found; retain or polish during the normal content pass.
STR-071,Projects,static title,design/opendesign-exploration/station/projects.html:12,Projects — Personal Worlds,no,P1,"High-trust inconsistency, prototype leakage, or destructive-scope ambiguity."
STR-072,Projects,static a,design/opendesign-exploration/station/projects.html:31,Skip to main content,no,P3,No urgent problem found; retain or polish during the normal content pass.
STR-073,Projects,static a,design/opendesign-exploration/station/projects.html:38,Personal Worlds,no,P1,"High-trust inconsistency, prototype leakage, or destructive-scope ambiguity."
STR-074,Projects,nav aria-label,design/opendesign-exploration/station/projects.html:39,Primary,no,P3,No urgent problem found; retain or polish during the normal content pass.
STR-075,Projects,static a,design/opendesign-exploration/station/projects.html:40,World,no,P3,No urgent problem found; retain or polish during the normal content pass.
STR-076,Projects,static a,design/opendesign-exploration/station/projects.html:41,Interests,no,P3,No urgent problem found; retain or polish during the normal content pass.
STR-077,Projects,static a,design/opendesign-exploration/station/projects.html:42,Journal,no,P3,No urgent problem found; retain or polish during the normal content pass.
STR-078,Projects,static a,design/opendesign-exploration/station/projects.html:43,Projects,no,P3,No urgent problem found; retain or polish during the normal content pass.
STR-079,Projects,static a,design/opendesign-exploration/station/projects.html:44,Chat,no,P3,No urgent problem found; retain or polish during the normal content pass.
STR-080,Projects,static a,design/opendesign-exploration/station/projects.html:45,Settings,no,P3,No urgent problem found; retain or polish during the normal content pass.
STR-081,Projects,static span,design/opendesign-exploration/station/projects.html:53,Constellation · what you are making,no,P3,No urgent problem found; retain or polish during the normal content pass.
STR-082,Projects,static h1,design/opendesign-exploration/station/projects.html:54,Projects,no,P3,No urgent problem found; retain or polish during the normal content pass.
STR-083,Projects,static p,design/opendesign-exploration/station/projects.html:56,"What you are making, as it actually is — including the messy parts. A dirty tree is information, not an emergency. ✦",no,P3,No urgent problem found; retain or polish during the normal content pass.
STR-084,Projects,div aria-label,design/opendesign-exploration/station/projects.html:61,Where you are in the map,no,P3,No urgent problem found; retain or polish during the normal content pass.
STR-085,Projects,div aria-label,design/opendesign-exploration/station/projects.html:62,Map of Projects. Use the buttons to move toward a cluster.,no,P3,No urgent problem found; retain or polish during the normal content pass.
STR-086,Projects,static h2,design/opendesign-exploration/station/projects.html:74,Your repositories,no,P3,No urgent problem found; retain or polish during the normal content pass.
STR-087,Projects,static p,design/opendesign-exploration/station/projects.html:75,Working out what to show you…,no,P3,No urgent problem found; retain or polish during the normal content pass.
STR-088,Projects,static span,design/opendesign-exploration/station/projects.html:75,specimen,no,P1,"High-trust inconsistency, prototype leakage, or destructive-scope ambiguity."
STR-089,Projects,static p,design/opendesign-exploration/station/projects.html:78,"You opened inside this region. Zoom out any time to see the whole sky, or use the bar above to jump elsewhere. Drag planets to rearrange them — your layout is saved. ✦",no,P3,No urgent problem found; retain or polish during the normal content pass.
STR-090,Projects,static summary,design/opendesign-exploration/station/projects.html:84,Shape this map,no,P3,No urgent problem found; retain or polish during the normal content pass.
STR-091,Interests,static title,design/opendesign-exploration/station/interests.html:12,Interests — Personal Worlds,no,P1,"High-trust inconsistency, prototype leakage, or destructive-scope ambiguity."
STR-092,Interests,static a,design/opendesign-exploration/station/interests.html:143,Skip to main content,no,P3,No urgent problem found; retain or polish during the normal content pass.
STR-093,Interests,static a,design/opendesign-exploration/station/interests.html:150,Personal Worlds,no,P1,"High-trust inconsistency, prototype leakage, or destructive-scope ambiguity."
STR-094,Interests,nav aria-label,design/opendesign-exploration/station/interests.html:151,Primary,no,P3,No urgent problem found; retain or polish during the normal content pass.
STR-095,Interests,static a,design/opendesign-exploration/station/interests.html:152,World,no,P3,No urgent problem found; retain or polish during the normal content pass.
STR-096,Interests,static a,design/opendesign-exploration/station/interests.html:153,Interests,no,P3,No urgent problem found; retain or polish during the normal content pass.
STR-097,Interests,static a,design/opendesign-exploration/station/interests.html:154,Journal,no,P3,No urgent problem found; retain or polish during the normal content pass.
STR-098,Interests,static a,design/opendesign-exploration/station/interests.html:155,Projects,no,P3,No urgent problem found; retain or polish during the normal content pass.
STR-099,Interests,static a,design/opendesign-exploration/station/interests.html:156,Chat,no,P3,No urgent problem found; retain or polish during the normal content pass.
STR-100,Interests,static a,design/opendesign-exploration/station/interests.html:157,Settings,no,P3,No urgent problem found; retain or polish during the normal content pass.
STR-101,Interests,static span,design/opendesign-exploration/station/interests.html:165,Constellation · what you follow,no,P3,No urgent problem found; retain or polish during the normal content pass.
STR-102,Interests,static h1,design/opendesign-exploration/station/interests.html:166,Interests,no,P3,No urgent problem found; retain or polish during the normal content pass.
STR-103,Interests,static p,design/opendesign-exploration/station/interests.html:168,"What you follow, the clusters inside it, and the quiet threads connecting them. ✦",no,P3,No urgent problem found; retain or polish during the normal content pass.
STR-104,Interests,div aria-label,design/opendesign-exploration/station/interests.html:173,Where you are in the map,no,P3,No urgent problem found; retain or polish during the normal content pass.
STR-105,Interests,div aria-label,design/opendesign-exploration/station/interests.html:174,Map of Interests. Use the buttons to move toward a cluster.,no,P3,No urgent problem found; retain or polish during the normal content pass.
STR-106,Interests,static h3,design/opendesign-exploration/station/interests.html:189,Musicians & albums,no,P3,No urgent problem found; retain or polish during the normal content pass.
STR-107,Interests,static label,design/opendesign-exploration/station/interests.html:192,Add to Music,no,P3,No urgent problem found; retain or polish during the normal content pass.
STR-108,Interests,input placeholder,design/opendesign-exploration/station/interests.html:193,Artist or album name…,no,P3,No urgent problem found; retain or polish during the normal content pass.
STR-109,Interests,input aria-label,design/opendesign-exploration/station/interests.html:193,Artist or album name,no,P3,No urgent problem found; retain or polish during the normal content pass.
STR-110,Interests,select aria-label,design/opendesign-exploration/station/interests.html:194,Type,no,P3,No urgent problem found; retain or polish during the normal content pass.
STR-111,Interests,static option,design/opendesign-exploration/station/interests.html:195,Artist,no,P3,No urgent problem found; retain or polish during the normal content pass.
STR-112,Interests,static option,design/opendesign-exploration/station/interests.html:196,Album,no,P3,No urgent problem found; retain or polish during the normal content pass.
STR-113,Interests,static option,design/opendesign-exploration/station/interests.html:197,Playlist,no,P3,No urgent problem found; retain or polish during the normal content pass.
STR-114,Interests,input placeholder,design/opendesign-exploration/station/interests.html:199,A note (optional),no,P3,No urgent problem found; retain or polish during the normal content pass.
STR-115,Interests,input aria-label,design/opendesign-exploration/station/interests.html:199,Note,no,P3,No urgent problem found; retain or polish during the normal content pass.
STR-116,Interests,static button,design/opendesign-exploration/station/interests.html:200,Add ✦,no,P3,No urgent problem found; retain or polish during the normal content pass.
STR-117,Interests,static h3,design/opendesign-exploration/station/interests.html:207,Topics & threads,no,P3,No urgent problem found; retain or polish during the normal content pass.
STR-118,Interests,static label,design/opendesign-exploration/station/interests.html:210,Add to AI & local-first,no,P3,No urgent problem found; retain or polish during the normal content pass.
STR-119,Interests,input placeholder,design/opendesign-exploration/station/interests.html:211,Topic or thread…,no,P3,No urgent problem found; retain or polish during the normal content pass.
STR-120,Interests,input aria-label,design/opendesign-exploration/station/interests.html:211,Topic name,no,P3,No urgent problem found; retain or polish during the normal content pass.
STR-121,Interests,input placeholder,design/opendesign-exploration/station/interests.html:212,A note (optional),no,P3,No urgent problem found; retain or polish during the normal content pass.
STR-122,Interests,input aria-label,design/opendesign-exploration/station/interests.html:212,Note,no,P3,No urgent problem found; retain or polish during the normal content pass.
STR-123,Interests,static button,design/opendesign-exploration/station/interests.html:213,Add ✦,no,P3,No urgent problem found; retain or polish during the normal content pass.
STR-124,Interests,static h3,design/opendesign-exploration/station/interests.html:220,"Books, articles & sources",no,P3,No urgent problem found; retain or polish during the normal content pass.
STR-125,Interests,static label,design/opendesign-exploration/station/interests.html:223,Add to Reading,no,P3,No urgent problem found; retain or polish during the normal content pass.
STR-126,Interests,input placeholder,design/opendesign-exploration/station/interests.html:224,Title or source…,no,P3,No urgent problem found; retain or polish during the normal content pass.
STR-127,Interests,input aria-label,design/opendesign-exploration/station/interests.html:224,Title,no,P3,No urgent problem found; retain or polish during the normal content pass.
STR-128,Interests,select aria-label,design/opendesign-exploration/station/interests.html:225,Type,no,P3,No urgent problem found; retain or polish during the normal content pass.
STR-129,Interests,static option,design/opendesign-exploration/station/interests.html:226,Book,no,P3,No urgent problem found; retain or polish during the normal content pass.
STR-130,Interests,static option,design/opendesign-exploration/station/interests.html:227,Article,no,P3,No urgent problem found; retain or polish during the normal content pass.
STR-131,Interests,static option,design/opendesign-exploration/station/interests.html:228,Paper,no,P3,No urgent problem found; retain or polish during the normal content pass.
STR-132,Interests,static option,design/opendesign-exploration/station/interests.html:229,Newsletter,no,P3,No urgent problem found; retain or polish during the normal content pass.
STR-133,Interests,input placeholder,design/opendesign-exploration/station/interests.html:231,A note (optional),no,P3,No urgent problem found; retain or polish during the normal content pass.
STR-134,Interests,input aria-label,design/opendesign-exploration/station/interests.html:231,Note,no,P3,No urgent problem found; retain or polish during the normal content pass.
STR-135,Interests,static button,design/opendesign-exploration/station/interests.html:232,Add ✦,no,P3,No urgent problem found; retain or polish during the normal content pass.
STR-136,Interests,static p,design/opendesign-exploration/station/interests.html:236,You opened inside this region. Zoom out any time to see the whole sky. Drag planets to rearrange them. ✦,no,P3,No urgent problem found; retain or polish during the normal content pass.
STR-137,Interests,static summary,design/opendesign-exploration/station/interests.html:241,Shape this map,no,P3,No urgent problem found; retain or polish during the normal content pass.
STR-138,Settings,static title,design/opendesign-exploration/station/settings.html:12,How this feels — Personal Worlds,no,P1,"High-trust inconsistency, prototype leakage, or destructive-scope ambiguity."
STR-139,Settings,static a,design/opendesign-exploration/station/settings.html:125,Skip to main content,no,P3,No urgent problem found; retain or polish during the normal content pass.
STR-140,Settings,static a,design/opendesign-exploration/station/settings.html:132,Personal Worlds,no,P1,"High-trust inconsistency, prototype leakage, or destructive-scope ambiguity."
STR-141,Settings,nav aria-label,design/opendesign-exploration/station/settings.html:133,Primary,no,P3,No urgent problem found; retain or polish during the normal content pass.
STR-142,Settings,static a,design/opendesign-exploration/station/settings.html:134,World,no,P3,No urgent problem found; retain or polish during the normal content pass.
STR-143,Settings,static a,design/opendesign-exploration/station/settings.html:135,Interests,no,P3,No urgent problem found; retain or polish during the normal content pass.
STR-144,Settings,static a,design/opendesign-exploration/station/settings.html:136,Journal,no,P3,No urgent problem found; retain or polish during the normal content pass.
STR-145,Settings,static a,design/opendesign-exploration/station/settings.html:137,Projects,no,P3,No urgent problem found; retain or polish during the normal content pass.
STR-146,Settings,static a,design/opendesign-exploration/station/settings.html:138,Chat,no,P3,No urgent problem found; retain or polish during the normal content pass.
STR-147,Settings,static a,design/opendesign-exploration/station/settings.html:139,Settings,no,P3,No urgent problem found; retain or polish during the normal content pass.
STR-148,Settings,static span,design/opendesign-exploration/station/settings.html:146,Comfort & access,no,P3,No urgent problem found; retain or polish during the normal content pass.
STR-149,Settings,static h1,design/opendesign-exploration/station/settings.html:147,How this feels,no,P3,No urgent problem found; retain or polish during the normal content pass.
STR-150,Settings,static p,design/opendesign-exploration/station/settings.html:149,Everything here is a comfort layer above the accessibility floor — it can never go below it. Changes apply everywhere and are remembered on this device. ✦,no,P3,No urgent problem found; retain or polish during the normal content pass.
STR-151,Settings,static h2,design/opendesign-exploration/station/settings.html:158,How it looks,no,P3,No urgent problem found; retain or polish during the normal content pass.
STR-152,Settings,static p,design/opendesign-exploration/station/settings.html:159,"The station's atmosphere. Colours, spacing, and motion — all above the accessibility floor.",no,P3,No urgent problem found; retain or polish during the normal content pass.
STR-153,Settings,static span,design/opendesign-exploration/station/settings.html:163,Space between things,no,P3,No urgent problem found; retain or polish during the normal content pass.
STR-154,Settings,static button,design/opendesign-exploration/station/settings.html:165,Roomy,no,P3,No urgent problem found; retain or polish during the normal content pass.
STR-155,Settings,static button,design/opendesign-exploration/station/settings.html:166,Tight,no,P3,No urgent problem found; retain or polish during the normal content pass.
STR-156,Settings,static label,design/opendesign-exploration/station/settings.html:170,Colours,no,P3,No urgent problem found; retain or polish during the normal content pass.
STR-157,Settings,static option,design/opendesign-exploration/station/settings.html:172,Station,no,P3,No urgent problem found; retain or polish during the normal content pass.
STR-158,Settings,static option,design/opendesign-exploration/station/settings.html:173,Ember,no,P3,No urgent problem found; retain or polish during the normal content pass.
STR-159,Settings,static option,design/opendesign-exploration/station/settings.html:174,Tide,no,P3,No urgent problem found; retain or polish during the normal content pass.
STR-160,Settings,static option,design/opendesign-exploration/station/settings.html:175,Moss,no,P3,No urgent problem found; retain or polish during the normal content pass.
STR-161,Settings,static span,design/opendesign-exploration/station/settings.html:177,"each theme changes the atmosphere, never the meaning",no,P3,No urgent problem found; retain or polish during the normal content pass.
STR-162,Settings,static span,design/opendesign-exploration/station/settings.html:180,Let the map set the mood,no,P3,No urgent problem found; retain or polish during the normal content pass.
STR-163,Settings,static button,design/opendesign-exploration/station/settings.html:182,On,no,P3,No urgent problem found; retain or polish during the normal content pass.
STR-164,Settings,static button,design/opendesign-exploration/station/settings.html:183,Off,no,P3,No urgent problem found; retain or polish during the normal content pass.
STR-165,Settings,static span,design/opendesign-exploration/station/settings.html:185,"entering a region tints the shell to it · atmosphere only, never meaning",no,P3,No urgent problem found; retain or polish during the normal content pass.
STR-166,Settings,static span,design/opendesign-exploration/station/settings.html:191,Mermaid says:,no,P3,No urgent problem found; retain or polish during the normal content pass.
STR-167,Settings,static button,design/opendesign-exploration/station/settings.html:199,I prefer roomy,no,P3,No urgent problem found; retain or polish during the normal content pass.
STR-168,Settings,static button,design/opendesign-exploration/station/settings.html:200,I prefer tight,no,P3,No urgent problem found; retain or polish during the normal content pass.
STR-169,Settings,static button,design/opendesign-exploration/station/settings.html:201,Try ember warmth,no,P3,No urgent problem found; retain or polish during the normal content pass.
STR-170,Settings,static button,design/opendesign-exploration/station/settings.html:202,Try tide cool,no,P3,No urgent problem found; retain or polish during the normal content pass.
STR-171,Settings,static h2,design/opendesign-exploration/station/settings.html:209,How it moves,no,P3,No urgent problem found; retain or polish during the normal content pass.
STR-172,Settings,static p,design/opendesign-exploration/station/settings.html:210,Motion is opt-in. Your OS reduced-motion preference always wins.,no,P3,No urgent problem found; retain or polish during the normal content pass.
STR-173,Settings,static span,design/opendesign-exploration/station/settings.html:214,Gentle motion,no,P3,No urgent problem found; retain or polish during the normal content pass.
STR-174,Settings,static button,design/opendesign-exploration/station/settings.html:216,Off,no,P3,No urgent problem found; retain or polish during the normal content pass.
STR-175,Settings,static button,design/opendesign-exploration/station/settings.html:217,On,no,P3,No urgent problem found; retain or polish during the normal content pass.
STR-176,Settings,static span,design/opendesign-exploration/station/settings.html:219,"planet drift, breathing rings, companion visits · your OS reduced-motion always wins",no,P3,No urgent problem found; retain or polish during the normal content pass.
STR-177,Settings,static span,design/opendesign-exploration/station/settings.html:222,Companions around,no,P3,No urgent problem found; retain or polish during the normal content pass.
STR-178,Settings,static button,design/opendesign-exploration/station/settings.html:224,On,no,P3,No urgent problem found; retain or polish during the normal content pass.
STR-179,Settings,static button,design/opendesign-exploration/station/settings.html:225,Off,no,P3,No urgent problem found; retain or polish during the normal content pass.
STR-180,Settings,static span,design/opendesign-exploration/station/settings.html:227,the companion orb that travels with you stays either way,no,P3,No urgent problem found; retain or polish during the normal content pass.
STR-181,Settings,static span,design/opendesign-exploration/station/settings.html:233,Ratatoskr says:,no,P3,No urgent problem found; retain or polish during the normal content pass.
STR-182,Settings,static button,design/opendesign-exploration/station/settings.html:240,Keep it still,no,P3,No urgent problem found; retain or polish during the normal content pass.
STR-183,Settings,static button,design/opendesign-exploration/station/settings.html:241,Let it drift,no,P3,No urgent problem found; retain or polish during the normal content pass.
STR-184,Settings,static h2,design/opendesign-exploration/station/settings.html:248,How much it asks,no,P3,No urgent problem found; retain or polish during the normal content pass.
STR-185,Settings,static p,design/opendesign-exploration/station/settings.html:249,"Low-demand keeps your world intact but lowers what it asks of you. Also available under ""Hail Assistant"" in the topbar.",no,P1,"High-trust inconsistency, prototype leakage, or destructive-scope ambiguity."
STR-186,Settings,static span,design/opendesign-exploration/station/settings.html:254,Ask less of me,no,P3,No urgent problem found; retain or polish during the normal content pass.
STR-187,Settings,static button,design/opendesign-exploration/station/settings.html:256,Normal,no,P3,No urgent problem found; retain or polish during the normal content pass.
STR-188,Settings,static button,design/opendesign-exploration/station/settings.html:257,Low,no,P3,No urgent problem found; retain or polish during the normal content pass.
STR-189,Settings,static span,design/opendesign-exploration/station/settings.html:259,"keeps your world intact, lowers what it asks · also under ""I need help""",no,P3,No urgent problem found; retain or polish during the normal content pass.
STR-190,Settings,static span,design/opendesign-exploration/station/settings.html:265,Robot says:,no,P3,No urgent problem found; retain or polish during the normal content pass.
STR-191,Settings,static button,design/opendesign-exploration/station/settings.html:272,Normal view,no,P3,No urgent problem found; retain or polish during the normal content pass.
STR-192,Settings,static button,design/opendesign-exploration/station/settings.html:273,Lower the volume,no,P3,No urgent problem found; retain or polish during the normal content pass.
STR-193,Settings,static h2,design/opendesign-exploration/station/settings.html:285,What the server knows,no,P3,No urgent problem found; retain or polish during the normal content pass.
STR-194,Settings,static h2,design/opendesign-exploration/station/settings.html:291,Your data,no,P3,No urgent problem found; retain or polish during the normal content pass.
STR-195,Settings,static p,design/opendesign-exploration/station/settings.html:292,Everything is stored on this device. Nothing leaves unless you say so. Clear individual sections or start fresh.,no,P0,Privacy/security certainty exceeds the implemented browser-local storage boundary.
STR-196,Settings,static button,design/opendesign-exploration/station/settings.html:297,Clear journal entries,no,P3,No urgent problem found; retain or polish during the normal content pass.
STR-197,Settings,static button,design/opendesign-exploration/station/settings.html:298,Clear interests,no,P3,No urgent problem found; retain or polish during the normal content pass.
STR-198,Settings,static button,design/opendesign-exploration/station/settings.html:299,Clear chat log,no,P3,No urgent problem found; retain or polish during the normal content pass.
STR-199,Settings,static button,design/opendesign-exploration/station/settings.html:300,Reset planet positions,no,P3,No urgent problem found; retain or polish during the normal content pass.
STR-200,Settings,static button,design/opendesign-exploration/station/settings.html:301,Clear everything,no,P1,"High-trust inconsistency, prototype leakage, or destructive-scope ambiguity."
STR-201,Settings,static span,design/opendesign-exploration/station/settings.html:307,Burrito Journalism says:,no,P3,No urgent problem found; retain or polish during the normal content pass.
STR-202,Settings,static h2,design/opendesign-exploration/station/settings.html:318,Your companion,no,P3,No urgent problem found; retain or polish during the normal content pass.
STR-203,Settings,static p,design/opendesign-exploration/station/settings.html:319,Pick who travels with you. Each companion has their own personality and templates.,no,P3,No urgent problem found; retain or polish during the normal content pass.
STR-204,Settings,static label,design/opendesign-exploration/station/settings.html:323,Companion,no,P3,No urgent problem found; retain or polish during the normal content pass.
STR-205,Settings,static option,design/opendesign-exploration/station/settings.html:325,Mermaid — curious and lyrical,no,P3,No urgent problem found; retain or polish during the normal content pass.
STR-206,Settings,static option,design/opendesign-exploration/station/settings.html:326,Ratatoskr — quick and mischievous,no,P3,No urgent problem found; retain or polish during the normal content pass.
STR-207,Settings,static option,design/opendesign-exploration/station/settings.html:327,Robot — plain and careful,no,P3,No urgent problem found; retain or polish during the normal content pass.
STR-208,Settings,static option,design/opendesign-exploration/station/settings.html:328,Burrito Journalism — warm newsroom voice,no,P3,No urgent problem found; retain or polish during the normal content pass.
STR-209,Settings,static summary,design/opendesign-exploration/station/settings.html:334,under the hood,no,P3,No urgent problem found; retain or polish during the normal content pass.
STR-210,Settings,static h2,design/opendesign-exploration/station/settings.html:348,Back up your world,no,P3,No urgent problem found; retain or polish during the normal content pass.
STR-211,Settings,nav aria-label,design/opendesign-exploration/station/settings.html:352,Leave settings,no,P3,No urgent problem found; retain or polish during the normal content pass.
STR-212,Settings,static a,design/opendesign-exploration/station/settings.html:353,← Back to your map,no,P3,No urgent problem found; retain or polish during the normal content pass.
STR-213,Settings,static p,design/opendesign-exploration/station/settings.html:354,None of this is required. The defaults are already accessible. ✦,no,P3,No urgent problem found; retain or polish during the normal content pass.
STR-214,Login,static title,src/personal_world/static/login/index.html:7,Sign in — Project Worlds,no,P3,No urgent problem found; retain or polish during the normal content pass.
STR-215,Login,static a,src/personal_world/static/login/index.html:108,Skip to main content,no,P3,No urgent problem found; retain or polish during the normal content pass.
STR-216,Login,static p,src/personal_world/static/login/index.html:110,Project Worlds,no,P3,No urgent problem found; retain or polish during the normal content pass.
STR-217,Login,static h1,src/personal_world/static/login/index.html:111,Sign in,no,P3,No urgent problem found; retain or polish during the normal content pass.
STR-218,Login,static p,src/personal_world/static/login/index.html:117,Sign in with your account — no password to remember.,no,P3,No urgent problem found; retain or polish during the normal content pass.
STR-219,Login,static button,src/personal_world/static/login/index.html:118,Sign in with your account,no,P3,No urgent problem found; retain or polish during the normal content pass.
STR-220,Login,static p,src/personal_world/static/login/index.html:119,Uses your passkey where your provider supports one.,no,P3,No urgent problem found; retain or polish during the normal content pass.
STR-221,Login,static summary,src/personal_world/static/login/index.html:125,Use an access code instead,no,P3,No urgent problem found; retain or polish during the normal content pass.
STR-222,Login,static p,src/personal_world/static/login/index.html:126,Enter the access code for this world to continue.,no,P3,No urgent problem found; retain or polish during the normal content pass.
STR-223,Login,static label,src/personal_world/static/login/index.html:129,Access code,no,P3,No urgent problem found; retain or polish during the normal content pass.
STR-224,Login,static button,src/personal_world/static/login/index.html:133,Enter,no,P3,No urgent problem found; retain or polish during the normal content pass.
STR-225,Login,static p,src/personal_world/static/login/index.html:137,The access code belongs to this world and is set by whoever runs it.,no,P3,No urgent problem found; retain or polish during the normal content pass.
STR-226,Setup,static title,src/personal_world/static/setup/index.html:7,Set up Project Worlds,no,P3,No urgent problem found; retain or polish during the normal content pass.
STR-227,Setup,static a,src/personal_world/static/setup/index.html:11,Skip to main content,no,P3,No urgent problem found; retain or polish during the normal content pass.
STR-228,Setup,static p,src/personal_world/static/setup/index.html:14,Project Worlds,no,P3,No urgent problem found; retain or polish during the normal content pass.
STR-229,Setup,static p,src/personal_world/static/setup/index.html:15,first-time setup,no,P3,No urgent problem found; retain or polish during the normal content pass.
STR-230,Setup,static h1,src/personal_world/static/setup/index.html:19,Set up Project Worlds,no,P3,No urgent problem found; retain or polish during the normal content pass.
STR-231,Setup,static p,src/personal_world/static/setup/index.html:20,Step 1 of 5: Welcome,no,P3,No urgent problem found; retain or polish during the normal content pass.
STR-232,Setup,static h2,src/personal_world/static/setup/index.html:25,Welcome,no,P3,No urgent problem found; retain or polish during the normal content pass.
STR-233,Setup,static p,src/personal_world/static/setup/index.html:26,"Project Worlds is your own private dashboard. It keeps track of your projects, journals what happens, and can connect to the services you already run — all on",no,P3,No urgent problem found; retain or polish during the normal content pass.
STR-234,Setup,static p,src/personal_world/static/setup/index.html:28,server. Nothing is sent to anyone else's computer.,no,P3,No urgent problem found; retain or polish during the normal content pass.
STR-235,Setup,static p,src/personal_world/static/setup/index.html:30,This setup takes about five minutes. You will:,no,P3,No urgent problem found; retain or polish during the normal content pass.
STR-236,Setup,static li,src/personal_world/static/setup/index.html:32,"let the app prepare itself (automatic — you just watch),",no,P3,No urgent problem found; retain or polish during the normal content pass.
STR-237,Setup,static li,src/personal_world/static/setup/index.html:33,"choose how you want to sign in,",no,P3,No urgent problem found; retain or polish during the normal content pass.
STR-238,Setup,static li,src/personal_world/static/setup/index.html:34,"pick a couple of comfort settings,",no,P3,No urgent problem found; retain or polish during the normal content pass.
STR-239,Setup,static li,src/personal_world/static/setup/index.html:35,"finish, and the app opens.",no,P3,No urgent problem found; retain or polish during the normal content pass.
STR-240,Setup,static p,src/personal_world/static/setup/index.html:37,"You do not need any technical knowledge. If something goes wrong, this page tells you what happened and what to try.",no,P3,No urgent problem found; retain or polish during the normal content pass.
STR-241,Setup,static button,src/personal_world/static/setup/index.html:40,Get started,no,P3,No urgent problem found; retain or polish during the normal content pass.
STR-242,Setup,static h2,src/personal_world/static/setup/index.html:46,Getting things ready,no,P3,No urgent problem found; retain or polish during the normal content pass.
STR-243,Setup,static p,src/personal_world/static/setup/index.html:48,Preparing your world. This usually takes a few seconds — you do not need to do anything.,no,P3,No urgent problem found; retain or polish during the normal content pass.
STR-244,Setup,static p,src/personal_world/static/setup/index.html:53,Something needs your attention,no,P3,No urgent problem found; retain or polish during the normal content pass.
STR-245,Setup,static button,src/personal_world/static/setup/index.html:55,Retry,no,P3,No urgent problem found; retain or polish during the normal content pass.
STR-246,Setup,static h2,src/personal_world/static/setup/index.html:61,How will you sign in?,no,P3,No urgent problem found; retain or polish during the normal content pass.
STR-247,Setup,static p,src/personal_world/static/setup/index.html:62,Pick one. You can change this later.,no,P3,No urgent problem found; retain or polish during the normal content pass.
STR-248,Setup,static legend,src/personal_world/static/setup/index.html:64,Sign-in method,no,P3,No urgent problem found; retain or polish during the normal content pass.
STR-249,Setup,static span,src/personal_world/static/setup/index.html:68,Just me on this device,no,P3,No urgent problem found; retain or polish during the normal content pass.
STR-250,Setup,static span,src/personal_world/static/setup/index.html:69,Recommended,no,P3,No urgent problem found; retain or polish during the normal content pass.
STR-251,Setup,static span,src/personal_world/static/setup/index.html:70,No extra accounts or settings. The app signs you in automatically on this server. Best if you are the only person using it.,no,P3,No urgent problem found; retain or polish during the normal content pass.
STR-252,Setup,static span,src/personal_world/static/setup/index.html:78,Sign in with my own SSO,no,P3,No urgent problem found; retain or polish during the normal content pass.
STR-253,Setup,static span,src/personal_world/static/setup/index.html:79,"Use a sign-in server you already run (OpenID Connect — for example Authelia, Keycloak, or Authentik). You will need its address and the “client ID” from that server.",no,P3,No urgent problem found; retain or polish during the normal content pass.
STR-254,Setup,static h3,src/personal_world/static/setup/index.html:88,Your SSO details,no,P3,No urgent problem found; retain or polish during the normal content pass.
STR-255,Setup,static label,src/personal_world/static/setup/index.html:90,Sign-in server address (issuer URL),no,P3,No urgent problem found; retain or polish during the normal content pass.
STR-256,Setup,input placeholder,src/personal_world/static/setup/index.html:91,https://sso.example.com,no,P3,No urgent problem found; retain or polish during the normal content pass.
STR-257,Setup,static p,src/personal_world/static/setup/index.html:94,"The base address of your sign-in server, starting with https://",no,P3,No urgent problem found; retain or polish during the normal content pass.
STR-258,Setup,static label,src/personal_world/static/setup/index.html:98,Client ID,no,P3,No urgent problem found; retain or polish during the normal content pass.
STR-259,Setup,static p,src/personal_world/static/setup/index.html:101,The identifier your sign-in server gave to Project Worlds when you registered it.,no,P3,No urgent problem found; retain or polish during the normal content pass.
STR-260,Setup,static label,src/personal_world/static/setup/index.html:106,Name of the environment variable that holds the client secret,no,P3,No urgent problem found; retain or polish during the normal content pass.
STR-261,Setup,input placeholder,src/personal_world/static/setup/index.html:107,PW_OIDC_CLIENT_SECRET,no,P3,No urgent problem found; retain or polish during the normal content pass.
STR-262,Setup,static p,src/personal_world/static/setup/index.html:110,Only the,no,P3,No urgent problem found; retain or polish during the normal content pass.
STR-263,Setup,static p,src/personal_world/static/setup/index.html:111,of the variable — never type the secret itself into this page. For example:,no,P3,No urgent problem found; retain or polish during the normal content pass.
STR-264,Setup,static button,src/personal_world/static/setup/index.html:116,Test connection,no,P3,No urgent problem found; retain or polish during the normal content pass.
STR-265,Setup,static span,src/personal_world/static/setup/index.html:122,ℹ,no,P3,No urgent problem found; retain or polish during the normal content pass.
STR-266,Setup,static p,src/personal_world/static/setup/index.html:122,Good to know,no,P3,No urgent problem found; retain or polish during the normal content pass.
STR-267,Setup,static button,src/personal_world/static/setup/index.html:127,Back,no,P3,No urgent problem found; retain or polish during the normal content pass.
STR-268,Setup,static button,src/personal_world/static/setup/index.html:128,Continue,no,P3,No urgent problem found; retain or polish during the normal content pass.
STR-269,Setup,static h2,src/personal_world/static/setup/index.html:134,Make yourself comfortable,no,P3,No urgent problem found; retain or polish during the normal content pass.
STR-270,Setup,static p,src/personal_world/static/setup/index.html:135,"Two quick choices. Both can be changed later in Settings, and both start at the calmest, most readable defaults.",no,P3,No urgent problem found; retain or polish during the normal content pass.
STR-271,Setup,static span,src/personal_world/static/setup/index.html:141,Larger text,no,P3,No urgent problem found; retain or polish during the normal content pass.
STR-272,Setup,static span,src/personal_world/static/setup/index.html:142,Bumps the text size up one step across the whole app.,no,P3,No urgent problem found; retain or polish during the normal content pass.
STR-273,Setup,static span,src/personal_world/static/setup/index.html:151,Gentle animation,no,P3,No urgent problem found; retain or polish during the normal content pass.
STR-274,Setup,static span,src/personal_world/static/setup/index.html:152,"Allows short, subtle transitions. Off by default — the app is calm and still without it.",no,P3,No urgent problem found; retain or polish during the normal content pass.
STR-275,Setup,static button,src/personal_world/static/setup/index.html:159,Back,no,P3,No urgent problem found; retain or polish during the normal content pass.
STR-276,Setup,static button,src/personal_world/static/setup/index.html:160,Continue,no,P3,No urgent problem found; retain or polish during the normal content pass.
STR-277,Setup,static h2,src/personal_world/static/setup/index.html:166,All done — ready to open your world,no,P3,No urgent problem found; retain or polish during the normal content pass.
STR-278,Setup,static p,src/personal_world/static/setup/index.html:167,Here is what you chose:,no,P3,No urgent problem found; retain or polish during the normal content pass.
STR-279,Setup,static p,src/personal_world/static/setup/index.html:174,Finishing setup…,no,P3,No urgent problem found; retain or polish during the normal content pass.
STR-280,Setup,static p,src/personal_world/static/setup/index.html:177,Setup could not finish,no,P3,No urgent problem found; retain or polish during the normal content pass.
STR-281,Setup,static button,src/personal_world/static/setup/index.html:179,Try again,no,P3,No urgent problem found; retain or polish during the normal content pass.
STR-282,Setup,static button,src/personal_world/static/setup/index.html:182,Back,no,P3,No urgent problem found; retain or polish during the normal content pass.
STR-283,Setup,static button,src/personal_world/static/setup/index.html:183,Finish and enter Project Worlds,no,P3,No urgent problem found; retain or polish during the normal content pass.
STR-284,Setup,static p,src/personal_world/static/setup/index.html:189,Everything you enter here stays on your own server. This page never asks for a password or a secret value.,no,P3,No urgent problem found; retain or polish during the normal content pass.
STR-285,Global Station,companion trigger accessible name,design/opendesign-exploration/station/station.js:75,"Talk to <companion>, your companion — press to open chat",yes,P2,Accessible name is instructional and conflicts with the contract's 'Open World assistant'.
STR-286,Global Station,companion trigger title,design/opendesign-exploration/station/station.js:100,Talk to your companion,yes,P2,Companion/chat/help/assistant terminology is not stable.
STR-287,Global Station,help trigger,design/opendesign-exploration/station/station.js:118,Hail Assistant,yes,P1,"This opens a help/low-demand dialog, not the assistant; the label promises the wrong function."
STR-288,Global Station,help dialog heading,design/opendesign-exploration/station/station.js:129,"Okay. Less, for now. ✦",yes,P2,Warm but assumes an emotional need before stating what the dialog does.
STR-289,Global Station,help dialog reassurance,design/opendesign-exploration/station/station.js:130,Nothing is wrong and nothing is lost. Pick whichever of these feels smallest for you right this second. The rest of your world stays exactly where it is.,yes,P1,False reassurance when the system has not checked whether anything is wrong; also wordy.
STR-290,Global Station,help action,design/opendesign-exploration/station/station.js:133,Show me only what needs me,yes,P3,Canonical low-demand action candidate.
STR-291,Global Station,help action,design/opendesign-exploration/station/station.js:134,Make everything quieter,yes,P3,Meaning is understandable but should name the changed settings in follow-up feedback.
STR-292,Global Station,help action,design/opendesign-exploration/station/station.js:135,Bring my world back,yes,P2,Poetic action does not say it restores the normal view and motion default.
STR-293,Global Station,help action,design/opendesign-exploration/station/station.js:136,How this looks & feels,yes,P3,Good human-first destination label.
STR-294,Global Station,help action,design/opendesign-exploration/station/station.js:137,Talk it out with a companion,yes,P3,Use only for companion chat; do not reuse for product help.
STR-295,Global Station,help dismiss,design/opendesign-exploration/station/station.js:138,Nothing for now ✦,yes,P3,"Quiet, low-pressure dismissal."
STR-296,Search,not ready,design/opendesign-exploration/station/search.js:128,The map isn’t ready to search on this page yet.,yes,P2,Explain what remains available and the next action.
STR-297,Search,no results,design/opendesign-exploration/station/search.js:140,"No places match “<query>”. Try a world like Interests, or a cluster like Music.",yes,P3,Specific recovery step; keep examples aligned with visible sections.
STR-298,Search,empty result,design/opendesign-exploration/station/search.js:141,Nothing to show yet.,yes,P2,"Too vague without saying whether the map is empty, unavailable, or still loading."
STR-299,Search,jump feedback,design/opendesign-exploration/station/search.js:217,Jumped to <place>,yes,P3,Useful live feedback.
STR-300,Search,trigger accessible name,design/opendesign-exploration/station/search.js:297,Search the map — jump to any world or cluster,yes,P3,Clear and task-based.
STR-301,Search,dialog heading,design/opendesign-exploration/station/search.js:313,Quick jump,yes,P3,Concise; 'Search the map' is more consistent if one term is required.
STR-302,Search,input placeholder,design/opendesign-exploration/station/search.js:320,Jump to a world or cluster…,yes,P3,Placeholder supplements rather than replaces the label.
STR-303,Search,keyboard instructions,design/opendesign-exploration/station/search.js:323,"Type to filter. Use Up and Down arrow keys to browse results, Enter to jump to the highlighted place, Escape to close.",yes,P3,Clear accessibility instruction.
STR-304,Onboarding,welcome heading,design/opendesign-exploration/station/onboarding.js:53,Welcome to your world ✦,yes,P3,Warm opening.
STR-305,Onboarding,welcome concept,design/opendesign-exploration/station/onboarding.js:54,"This is your systems map — not a dashboard, not a wall of notifications. It stays quiet until you move toward something.",yes,P2,Starts by negating two concepts and uses 'systems map' before defining usefulness.
STR-306,Onboarding,specimen warning,design/opendesign-exploration/station/onboarding.js:67,This prototype is filled with sample content marked specimen — none of it is your real data yet.,yes,P1,Prototype language is reaching the normal product and should disappear when sample panels are removed.
STR-307,Onboarding,companion explanation,design/opendesign-exploration/station/onboarding.js:91,"A companion is a quiet presence in the corner — a silhouette, not a narrator. It travels with you and opens a small chat when you want one. You can change this, or switch companions off, at any time.",yes,P3,Good authority boundary; retain the distinction between decoration and function.
STR-308,Onboarding,accessibility reassurance,design/opendesign-exploration/station/onboarding.js:120,"A few comfort choices that sit above the accessibility floor. The defaults are already accessible — change only what you want, or change nothing.",yes,P3,Aligned with the accessibility contract.
STR-309,Onboarding,low-demand description,design/opendesign-exploration/station/onboarding.js:128,Low shows only what needs you; your world stays exactly where it is.,yes,P2,Say 'Low-demand view' and clarify that only the display changes.
STR-310,Map,zoom action,design/opendesign-exploration/station/starmap.js:262,Zoom out,yes,P3,Clear action.
STR-311,Map,region rollup labels,design/opendesign-exploration/station/starmap.js:331,Recently / From / Suggests / Needs you here,yes,P2,Fragments are vague without a noun and often sit above specimen content.
STR-312,Map,quiet region,design/opendesign-exploration/station/starmap.js:494,This corner is quiet for now ✦,yes,P3,Use only after a successful check; not as a fallback for unknown.
STR-313,Map,quiet region follow-up,design/opendesign-exploration/station/starmap.js:495,Add something when you are ready — or don't. Both are fine.,yes,P3,Low-pressure and appropriate for a true empty state.
STR-314,Map,item count,design/opendesign-exploration/station/starmap.js:498,<count> items · specimen,yes,P1,Prototype marker on the live product; replace with real count/state or remove the specimen branch.
STR-315,Map shaping,intro,design/opendesign-exploration/station/shapemap.js:63,"This map is yours to organise. Add a cluster, rename one, tuck something under a different parent, or hide a default. Changes apply to the chart immediately and are remembered on this device.",yes,P3,Clear scope and persistence location.
STR-316,Map shaping,remove action,design/opendesign-exploration/station/shapemap.js:57,remove,yes,P1,"Does not name the cluster, consequence, or whether content is deleted or only hidden."
STR-317,Map shaping,move control accessible name,design/opendesign-exploration/station/shapemap.js:48,Move <cluster> under,yes,P2,Incomplete accessible sentence; include the destination relationship.
STR-318,Map shaping,reset action,design/opendesign-exploration/station/shapemap.js:89,Reset layout,yes,P2,Should say what resets and whether data/content is unaffected.
STR-319,Shared state,loading label,design/opendesign-exploration/station/api.js:388,checking…,yes,P3,Canonical loading label.
STR-320,Shared state,healthy,design/opendesign-exploration/station/api.js:62,all good,yes,P3,Canonical display label for healthy.
STR-321,Shared state,needs attention,design/opendesign-exploration/station/api.js:63,needs you,yes,P3,Reserve for an action the person can actually take.
STR-322,Shared state,warning,design/opendesign-exploration/station/api.js:64,worth a look,yes,P3,Canonical non-urgent warning label.
STR-323,Shared state,unavailable,design/opendesign-exploration/station/api.js:65,can’t reach it,yes,P2,Object is often unclear; prefer 'Can't connect to <service> right now'.
STR-324,Shared state,stale,design/opendesign-exploration/station/api.js:66,a while old,yes,P2,Too vague; show the observation time and say it may be out of date.
STR-325,Shared state,unknown,design/opendesign-exploration/station/api.js:67,not sure yet,yes,P2,Personifies the product; prefer 'Not known yet' with a reason or next check.
STR-326,Shared state,not configured,design/opendesign-exploration/station/api.js:68,not set up yet,yes,P3,Canonical display label; absence is not failure.
STR-327,Shared state,disabled,design/opendesign-exploration/station/api.js:69,off,yes,P3,Canonical display label.
STR-328,Shared state,403 error,design/opendesign-exploration/station/api.js:413,That needs an elevation this session does not have.,yes,P1,Internal auth language; say what action is blocked and ask the person to confirm it is them.
STR-329,Shared state,401 error,design/opendesign-exploration/station/api.js:414,Sign in to see this.,yes,P3,Clear recovery step.
STR-330,Shared state,network error,design/opendesign-exploration/station/api.js:496,Could not reach the server.,yes,P2,Add what did not change and a retry/recovery action.
STR-331,Shared state,unknown endpoint,design/opendesign-exploration/station/api.js:517,No endpoint called “<endpoint>” is in the API manifest.,yes,P2,Developer vocabulary should stay in technical details; default copy should say the feature is not available in this build.
STR-332,Shared state,write called as read,design/opendesign-exploration/station/api.js:522,<method> <path> is a write. Use PW_API.write() so the gate is checked.,yes,P1,Internal developer instruction can surface to end users.
STR-333,Shared state,proposal execution blocked,design/opendesign-exploration/station/api.js:550,This write only runs an already-approved proposal. Approve it first (PROP-approve); it cannot be called directly.,yes,P1,"Good boundary, wrong layer and terminology."
STR-334,Shared state,step-up blocked,design/opendesign-exploration/station/api.js:557,This write needs an elevation (step-up). PW_API.elevate(token) performs the real credential event first — this client will not fake one.,yes,P1,Security implementation prose is leaking to the human-facing layer.
STR-335,Shared state,missing step-up credential,design/opendesign-exploration/station/api.js:581,An elevation needs your access code.,yes,P1,Use 'Enter your access code to confirm it's you.' OIDC-only sessions need separate recovery because SSO cannot step up yet.
STR-336,Shared state,generic panel failure,design/opendesign-exploration/station/real-data.js:216,<surface> could not be loaded,yes,P2,Prefer the action/object plus what remains available and a retry.
STR-337,Shared state,unknown panel reassurance,design/opendesign-exploration/station/real-data.js:219,Nothing was guessed and nothing is hidden — this panel simply does not know yet.,yes,P2,Good honesty but repeats reassurance and personifies the panel.
STR-338,Needs you,loading,design/opendesign-exploration/station/real-data.js:500,Checking what needs you…,yes,P3,Clear loading state.
STR-339,Needs you,partial source failure,design/opendesign-exploration/station/real-data.js:509,"Part of this could not be checked (<sources>), so “all quiet” would be a guess. It is not shown.",yes,P3,Strong honest-state wording; simplify only after preserving this logic.
STR-340,Needs you,all sources failed,design/opendesign-exploration/station/real-data.js:514,This could not be checked,yes,P2,Name the sources or task and give the next step.
STR-341,Needs you,verified empty,design/opendesign-exploration/station/real-data.js:527,"Nothing needs you right now. Both sources were checked just now — this is verified, not assumed.",yes,P2,"Useful truth, but 'both sources' is implementation-shaped and 'just now' should use the actual timestamp."
STR-342,Needs you,proposal status,design/opendesign-exploration/station/real-data.js:242,waiting for your decision,yes,P3,Canonical pending-proposal language.
STR-343,Needs you,approved proposal status,design/opendesign-exploration/station/real-data.js:242,"approved, not yet run",yes,P3,Clearly separates approval from execution.
STR-344,Needs you,proposal title patterns,design/opendesign-exploration/station/real-data.js:258,A <journal entry / intent / fact / reminder / settings reconciliation> was drafted,yes,P3,Use 'drafted' consistently so assistant action is never mistaken for a completed write.
STR-345,Needs you,proposal safety note,design/opendesign-exploration/station/real-data.js:566,nothing changes until you approve it — this panel is read-only,yes,P3,Good authority boundary; sentence case and avoid repeating on every row if one group note suffices.
STR-346,Needs you,reminder safety note,design/opendesign-exploration/station/real-data.js:567,reminders are read here; changing them is a gated write,yes,P2,"Translate 'gated write' to a human action, with technical wording disclosed later."
STR-347,Needs you,technical disclosure,design/opendesign-exploration/station/real-data.js:581,"approve / reject / run are gate: step-up and gate: proposal writes (PROP-approve, PROP-reject, PROP-execute)",yes,P2,Allowed only at technical disclosure level; rewrite the first sentence in human terms.
STR-348,Journal,server journal loading,design/opendesign-exploration/station/real-data.js:596,Loading your journal…,yes,P3,Canonical loading copy could use 'Checking…' everywhere.
STR-349,Journal,server journal empty,design/opendesign-exploration/station/real-data.js:611,"No journal entries yet. This is your real journal, read from the server — it is genuinely empty, not sample content.",yes,P1,Prototype-vs-real reassurance should disappear once specimen panels are removed.
STR-350,Journal,server journal populated,design/opendesign-exploration/station/real-data.js:636,"<count> real entry/entries, newest first. Nothing here is sample content.",yes,P1,"'Real' and 'sample' are prototype-era distinctions, not normal product copy."
STR-351,Journal,specimen intro,design/opendesign-exploration/station/journal-view.js:103,"No journal is connected yet, so this view is specimen — sample entries that show what reading your journal will feel like.",yes,P1,Contradicts the live server journal immediately above it.
STR-352,Journal,local save feedback,design/opendesign-exploration/station/journal-view.js:165,Opened the Write tab — that one is real and saves on this device only.,yes,P1,There are two journals with different persistence and no durable naming distinction.
STR-353,Journal,local public empty,design/opendesign-exploration/station/journal.html:354,No entries yet / Your journal is waiting. Write something — it does not have to be finished or important.,yes,P2,Duplicates the server journal empty state and calls browser-local storage 'your journal'.
STR-354,Journal,local vault empty,design/opendesign-exploration/station/journal.html:378,The vault is empty / Vault entries stay private and are not surfaced by the map. Write something just for yourself.,yes,P0,Browser localStorage is not the encrypted server vault; 'private' invites a security misunderstanding.
STR-355,Journal,local vault tag,design/opendesign-exploration/station/journal.html:368,✦ vault,yes,P0,Uses the protected Vault name for unencrypted browser-local entries.
STR-356,Interests,specimen card flag,design/opendesign-exploration/station/interests-view.js:67,specimen · sample discovery,yes,P1,Prototype content is on a normal product route.
STR-357,Interests,why label,design/opendesign-exploration/station/interests-view.js:72,Why this is here:,yes,P3,Excellent provenance label; retain for real discoveries.
STR-358,Interests,keep action,design/opendesign-exploration/station/interests-view.js:62,Keep ✦,yes,P2,State where it will be kept when persistence exists.
STR-359,Interests,dismiss action,design/opendesign-exploration/station/interests-view.js:64,Dismiss,yes,P2,Clarify permanence and whether dismissal trains future matching.
STR-360,Interests,all samples dismissed,design/opendesign-exploration/station/interests-view.js:95,"You dismissed every sample on this page. In the real product, dismissed items stay away — the feed never nags or refills with manufactured urgency. Quiet is a valid state.",yes,P1,Claims future behavior from a prototype; do not promise durable dismissal until implemented.
STR-361,Interests,not configured,design/opendesign-exploration/station/interests-view.js:105,Discoveries are not set up yet,yes,P3,Clear state heading.
STR-362,Interests,not configured next step,design/opendesign-exploration/station/interests-view.js:108,"When you are ready, connecting a source is a Settings decision — never a surprise.",yes,P2,"Calm, but 'Settings decision' is unnatural; point to the exact setting/action."
STR-363,Interests,local remove accessible name,design/opendesign-exploration/station/interests.html:292,Remove <interest>,yes,P1,No confirmation or consequence; current removal is immediate browser-local deletion.
STR-364,Interests,local empty,design/opendesign-exploration/station/interests.html:332,Quiet for now ✦ / <section-specific empty message>,yes,P3,Appropriate only after local storage was successfully read.
STR-365,Projects,loading placeholder,design/opendesign-exploration/station/projects.html:75,Working out what to show you… / specimen,yes,P1,'Specimen' leaks and the page never transitions to real project data.
STR-366,Projects,intro,design/opendesign-exploration/station/projects-view.js:450,"What you are making, as it actually is — including the messy parts. A dirty tree is information, not an emergency. ✦",yes,P1,'As it actually is' conflicts with the entirely specimen implementation.
STR-367,Projects,specimen warning,design/opendesign-exploration/station/projects-view.js:452,"Every repository, branch, file and commit below is illustrative... none of it is your work, and this page reads nothing and writes nothing.",yes,P1,Honest but confirms the primary surface is not a usable product surface.
STR-368,Projects,state labels,design/opendesign-exploration/station/projects-view.js:31,all good / needs you / work in progress / diverged / not sure yet,yes,P2,"'dirty' is domain state, not canonical health; keep publication, working tree, and observation certainty separate."
STR-369,Projects,proposal action,design/opendesign-exploration/station/projects-view.js:392,Propose refresh / gated · explains only / writes nothing,yes,P1,A button labeled as a proposal only opens an explanation; action and result do not match.
STR-370,Projects,gate reassurance,design/opendesign-exploration/station/projects-view.js:359,"Nothing was written. No command ran, no file changed, no repository was touched — not here and not anywhere.",yes,P2,Over-reassures and uses global certainty the UI cannot prove outside this handler.
STR-371,Projects,approval explanation,design/opendesign-exploration/station/projects-view.js:62,"You say yes explicitly, and the world re-checks who you are at the moment of action rather than trusting an earlier session.",yes,P3,Strong human explanation of step-up; use before technical terminology.
STR-372,Projects,gate unwired state,design/opendesign-exploration/station/projects-view.js:353,not wired in this prototype,yes,P1,"Normal users should see unavailable behavior, not implementation-stage language."
STR-373,Projects,live-region open,design/opendesign-exploration/station/projects-view.js:487,Explanation open. Nothing was written: no command ran and no file changed.,yes,P2,"Useful result, but announce once; the dialog body already repeats it."
STR-374,Chat,empty greetings,design/opendesign-exploration/station/chat.js:18,<companion-specific greeting>,yes,P3,Whimsy is appropriate here if it does not claim observations the system did not make.
STR-375,Chat,Ratatoskr greeting,design/opendesign-exploration/station/chat.js:20,Psst — I noticed some threads connecting lately. Want me to show you?,yes,P1,Claims an observation without reading any data.
STR-376,Chat,empty privacy statement,design/opendesign-exploration/station/chat.js:128,"Everything you say stays on this device. <companion> hears you, but replies come from the real capability — nothing invented here.",yes,P0,Confuses current browser-local prototype storage with the real chat provider path and anthropomorphizes receipt.
STR-377,Chat,submit result,design/opendesign-exploration/station/chat.js:170,<companion> heard you. Replies bind to the real chat capability (API-010) — nothing is invented here.,yes,P1,No real provider call occurs; it acknowledges receipt as if the assistant processed the message.
STR-378,Chat,template personality,design/opendesign-exploration/station/chat.js:38,Brisk and faithful; writes things down so you do not have to.,yes,P1,Implies write authority/persistence that the current chat surface does not have.
STR-379,Chat,template prompt,design/opendesign-exploration/station/chat.js:39,What did I leave unfinished?,yes,P2,Safe only when the assistant can cite observed evidence and freshness.
STR-380,Chat,assistant max-tool result,src/personal_world/chat.py:173,I gathered some information but reached the tool call limit. Let me share what I found.,yes,P2,Says it will share findings but returns no actual summary; name the incomplete result and next step.
STR-381,Chat,context truncation,src/personal_world/chat.py:188,[…context truncated at <limit> chars…],yes,P2,"Useful technical provenance; expose to the model and optional details, not as default chat prose."
STR-382,Chat,provider failure,src/personal_world/chat.py:110,chat provider failed: <exception>,yes,P1,Raw exception text can leak implementation detail and gives no recovery step.
STR-383,Settings,stored preference intro,design/opendesign-exploration/station/real-data.js:699,"These are your real stored preferences, read from the server. The controls above still write to this device only...",yes,P1,"Exposes two unsynchronized settings systems; behavior problem, not a copy-only fix."
STR-384,Settings,preference table caption,design/opendesign-exploration/station/real-data.js:703,Station control → server preference (API-030),yes,P2,Developer mapping belongs in technical details.
STR-385,Settings,clear confirmation,design/opendesign-exploration/station/settings.html:408,Clear <journal entries / interests / chat log / planet positions / everything>? This cannot be undone.,yes,P1,"Does not identify browser-local scope, exact consequence, or what server data remains."
STR-386,Settings,clear result,design/opendesign-exploration/station/settings.html:427,✓ Cleared,yes,P1,Does not say what was cleared or that server data was untouched.
STR-387,Backup,network failure,design/opendesign-exploration/station/backup-ui.js:137,Could not reach the app server. Nothing was saved.,yes,P2,"For restore, 'nothing was changed' is more accurate than 'nothing was saved'."
STR-388,Backup,feature unavailable,design/opendesign-exploration/station/backup-ui.js:139,Backup/restore is not available in this build... Use the CLI instead: personal-world worlds backup <file>,yes,P2,Default is sysadmin-first; explain availability first and put CLI under technical details.
STR-389,Backup,auth failure,design/opendesign-exploration/station/backup-ui.js:145,"Refused: this action needs step-up authentication — sign in again, then retry.",yes,P1,"Blunt internal vocabulary and incorrect recovery for OIDC-only sessions, where signing in again cannot mint step-up."
STR-390,Backup,missing backup passphrase,design/opendesign-exploration/station/backup-ui.js:180,"Enter a passphrase first. It encrypts the archive and is never stored — if you lose it, the backup cannot be opened.",yes,P3,Clear consequence and recovery limitation.
STR-391,Backup,working,design/opendesign-exploration/station/backup-ui.js:186,Working: collecting the restore boundary and encrypting it. This may take a few seconds.,yes,P2,'Restore boundary' is internal language; say what categories are being included.
STR-392,Backup,success,design/opendesign-exploration/station/backup-ui.js:195,"Backup created — encrypted with your passphrase. <Vault inclusion>. The download link below works once, then expires.",yes,P3,Clear result and important one-time-link consequence.
STR-393,Backup,storage advice,design/opendesign-exploration/station/backup-ui.js:206,"Copy it somewhere safe OFF this machine, and remember the passphrase.",yes,P2,Avoid all-caps urgency; 'Save it on another device' is more concrete.
STR-394,Restore,working,design/opendesign-exploration/station/backup-ui.js:253,Working: the archive is authenticated BEFORE anything is written. A wrong passphrase changes nothing.,yes,P2,Good safety fact; simplify and avoid all caps.
STR-395,Restore,overwrite option,design/opendesign-exploration/station/backup-ui.js:306,Overwrite files that already exist here,yes,P1,Dangerous scope is file-oriented and opaque; needs preview/exact categories plus a destructive confirmation.
STR-396,Restore,action,design/opendesign-exploration/station/backup-ui.js:239,Restore from archive…,yes,P1,Button does not change when overwrite is selected and does not name the consequence.
STR-397,Restore,result,design/opendesign-exploration/station/backup-ui.js:277,"Restore finished: <restored> restored, <skipped> skipped, <refused> refused.",yes,P3,Good result pattern; follow with a next step when refused items exist.
STR-398,Login,empty access code,src/personal_world/static/login/index.html:178,Enter your access code to continue.,yes,P3,Clear recovery.
STR-399,Login,wrong access code,src/personal_world/static/login/index.html:197,That code did not match. Check it and try again.,yes,P3,Non-blaming and actionable.
STR-400,Login,auth not configured,src/personal_world/static/login/index.html:199,Sign-in is not set up on this instance yet.,yes,P2,Add who can fix it and keep local fallback visible if available.
STR-401,Login,generic sign-in failure,src/personal_world/static/login/index.html:201,The server could not sign you in right now. Try again in a moment.,yes,P2,Reasonable fallback; include access-code fallback when SSO failed.
STR-402,Login,OIDC exchange failed,src/personal_world/static/login/index.html:166,Your provider could not complete the sign-in. Try again.,yes,P2,Use 'sign-in provider' and offer the access-code fallback.
STR-403,Login,OIDC identity unmapped,src/personal_world/static/login/index.html:167,That account is not linked to this world yet.,yes,P2,Add operator next step without revealing account details.
STR-404,Login,OIDC state mismatch,src/personal_world/static/login/index.html:168,The sign-in took too long or was interrupted. Try again.,yes,P3,"Good plain-language mapping, though mismatch has more possible causes."
STR-405,Login,unmapped OIDC code,src/personal_world/static/login/index.html:171,Sign-in did not complete. Try again.,yes,P1,Most security failures collapse to a generic message with no useful recovery or fallback guidance.
STR-406,Auth API,step-up missing session,src/personal_world/auth_routes.py:393,no session,yes,P2,Raw API phrase can surface; map to 'Your sign-in expired. Sign in again.'
STR-407,Auth API,step-up invalid,src/personal_world/auth_routes.py:408,step-up credential invalid,yes,P1,Internal security phrase; say the access code did not match and no action was taken.
STR-408,Auth API,write blocked,src/personal_world/api.py:202,write requires step-up auth,yes,P1,Internal vocabulary; map to the requested action and confirmation step.
STR-409,OIDC,attempt missing/invalid/expired,src/personal_world/oidc.py:654,<No sign-in attempt / integrity check failed / attempt expired>; start again from the login page,yes,P3,Backend detail is actionable but login maps only a subset of these codes.
STR-410,OIDC,provider denied,src/personal_world/auth_routes.py:250,the identity provider refused the sign-in: <provider code>,yes,P2,Use plain provider wording by default; keep the provider code in details.
STR-411,OIDC,verification dependency missing,src/personal_world/oidc.py:880,verifying <algorithm> needs the cryptography package... Install with: uv sync --extra crypto,yes,P2,"Correct operator detail, but default UI should say secure verification is unavailable and local sign-in still works."
STR-412,OIDC,token validation failures,src/personal_world/oidc.py:891,<encrypted/malformed/expired/not-yet-valid/bad issuer/bad audience/bad nonce/bad signature token>,yes,P1,Security failures need distinct human summaries and operator-only technical detail; most currently collapse to generic login copy.
STR-413,Setup,prepare failure,src/personal_world/static/setup/wizard.js:83,"The app could not finish preparing itself. Press Retry; if it keeps failing, check that the server's data folder is writable, then reload this page.",yes,P2,Good what/next structure; 'data folder is writable' is appropriate only after a human-first summary.
STR-414,Setup,network failure,src/personal_world/static/setup/wizard.js:90,"This page could not talk to the server (network problem or the server restarted). Press Retry, or reload the page.",yes,P3,Clear cause range and recovery.
STR-415,Setup,OIDC testing,src/personal_world/static/setup/wizard.js:141,Testing… contacting the sign-in server.,yes,P3,Clear status.
STR-416,Setup,OIDC success,src/personal_world/setup_wizard.py:266,Success: that address is an OpenID Connect sign-in service and this server can talk to it.,yes,P2,Say useful result first; keep 'OpenID Connect' as secondary detail.
STR-417,Setup,SSO secret missing,src/personal_world/setup_wizard.py:312,The environment variable <name> is not set... SSO sign-in will not complete until it holds your client secret...,yes,P2,Technically precise; needs a first sentence saying SSO is saved but not ready.
STR-418,Setup,SSO restart note,src/personal_world/setup_wizard.py:340,SSO details saved. Sign-in through your SSO server becomes available after the app next restarts.,yes,P3,Clear what changed and next step.
STR-419,Setup,finish success,src/personal_world/static/setup/wizard.js:252,Setup complete. Opening your world…,yes,P3,Clear completion.
STR-420,Vault API,locked,src/personal_world/api.py:2123,vault is locked,yes,P2,State is clear but should name the action: 'Unlock the Vault to view secret names.'
STR-421,Vault API,wrong passphrase/corrupt,src/personal_world/vault.py:123,wrong passphrase or corrupt vault,yes,P1,Two materially different causes are collapsed; tell the user no data was changed and how to distinguish/recover.
STR-422,Vault API,encryption unavailable,src/personal_world/vault.py:100,cryptography package not installed; vault cannot unlock without real encryption. Install with: pip install cryptography,yes,P1,"Serious and honest, but install command is operator detail and differs from the OIDC install command."
STR-423,Vault API,remote secret read refused,src/personal_world/api.py:2161,vault GET is loopback-only (client=<client address>),yes,P1,Leaks client/network detail into a response; default copy should not echo topology.
STR-424,Vault API,secret missing,src/personal_world/api.py:2168,<secret name> not found,yes,P1,"Echoes a secret identifier in a generic error; use only inside an authenticated, bounded Vault surface."
STR-425,Backup API,empty passphrase,src/personal_world/worlds_backup.py:412,empty passphrase refused,yes,P2,Blame-toned and implementation-shaped; use 'Enter a backup passphrase.'
STR-426,Backup API,wrong passphrase,src/personal_world/worlds_backup.py:500,<raw decryption/authentication error>,yes,P1,Raw exception is surfaced; map to 'The archive or passphrase could not be verified. Nothing was changed.'
STR-427,Backup API,one-time link invalid,src/personal_world/worlds_backup.py:726,"download token unknown, already used, or expired",yes,P2,Explain the one-time link is no longer available and offer 'Create a new backup'.
STR-428,Backup API,corrupt archive,src/personal_world/worlds_backup.py:373,manifest hash mismatch: archive content is corrupt,yes,P2,Human summary first; keep hash detail in technical disclosure.
STR-429,Station routing,Station unavailable,src/personal_world/station_ui.py:105,The Station is not installed here / This deployment does not include the Station interface files... The API is still available; nothing else is affected.,yes,P1,References the removed built SPA and source-tree design directory; stale implementation copy on a failure path.
STR-430,Station routing,Station page missing,src/personal_world/station_ui.py:120,That page is not part of the Station / Return to the systems map,yes,P3,Clear 404 and recovery.
STR-431,Providers,no targets configured,src/personal_world/providers/native_notifications.py:89,no notification targets configured,yes,P2,Map to 'Notifications are not set up' on user surfaces.
STR-432,Providers,no deployment targets,src/personal_world/providers/native_deployment.py:112,no deployment targets configured,yes,P2,Map to 'Deployments are not set up' on user surfaces.
STR-433,Providers,no calendar sources,src/personal_world/providers/native_calendar.py:108,no calendar sources configured,yes,P2,Map to 'Calendar is not set up' on user surfaces.
STR-434,Providers,no update sources,src/personal_world/providers/native_updates.py:90,no update sources configured,yes,P2,Map to 'Update checks are not set up' on user surfaces.
STR-435,Connections,test accepted but not run,src/personal_world/api.py:1407,Webhook URL accepted (not tested with a real request),yes,P3,Good distinction between validation and verification.
STR-436,Connections,service accepted but not checked,src/personal_world/api.py:1497,Service '<name>' accepted — no live check performed,yes,P3,Good technical honesty; use 'Saved' only if it was actually persisted.
STR-437,Connections,provider exception,src/personal_world/api.py:1505,<raw exception text>,yes,P1,Raw provider/network errors can leak internals and often lack recovery.
